{"cameraMode":{"drawMode":0,"name":"Shaded","section":"Shading Mode"},"sceneLighting":false,"audioPlay":false,"sceneViewState":{"m_AlwaysRefresh":false,"showFog":true,"showSkybox":false,"showFlares":true,"showImageEffects":true,"showParticleSystems":true,"showVisualEffectGraphs":true,"m_FxEnabled":true},"in2DMode":false,"pivot":{"x":-0.070964515209198,"y":0.3233601450920105,"z":0.29225677251815798},"rotation":{"x":0.025826742872595788,"y":0.830487847328186,"z":-0.038648199290037158,"w":0.5550909042358398},"size":0.6618973612785339,"orthographic":false}